frame,smile,mouth_open,head_turn
0,0.21220062885965618,0.0002921880181280098,0.005926395234252724
1,0.265547616141183,0.00034505751682445407,0.0072583484330347595
2,0.31903949379920954,0.00040219937467814555,0.00847169171486582
3,0.37256137388093125,0.0004205412114970386,0.009926909979965004
4,0.37370229618889944,0.00029463152999856636,0.009824644774198532
5,0.3737826687949044,0.00033386529789173177,0.009767226209597926
6,0.3738312976700918,0.00035033927997574205,0.010325678358120576
7,0.37396954638617375,0.00040349321456493005,0.010948399214872291
8,0.37372627428599764,0.0004312323788846177,0.011353002595049995
9,0.37380131227629526,0.0004335141358231859,0.012022251662399088
10,0.37369719999177115,0.0004495624660713864,0.012128436272697787
11,0.3734027317592076,0.0004332972249747918,0.011860005823629243
12,0.3734983546393258,0.0003916724734673542,0.011190989254308599
13,0.3739256305353982,0.00037467729167214457,0.010958690395844833
14,0.37345230153628756,0.00032813150651885996,0.009961533094091073
15,0.37356459242956974,0.00027701762779283205,0.009184032079896756
16,0.3733007567269461,0.00026218713901471347,0.00849133004833545
17,0.3734212347439357,0.00024215301319990037,0.007884193810501268
18,0.37292887909071787,0.00025880090730164994,0.007618181074836423
19,0.3725895200456891,0.0002274631946680269,0.008204963324325425
20,0.3722331311021532,0.00021892973122053912,0.00816729904285499
21,0.3724111914634704,0.00021227050871987425,0.008043383381196431
22,0.3723857232502528,0.0002205367012980527,0.00884279708511063
23,0.3728230595588684,0.00019672543982908661,0.009351605083793402
24,0.3727497160434723,0.00022792107172010996,0.00967766364504184
25,0.3734074532985687,0.00023413789105169208,0.0101637324717428
26,0.3741084081786019,0.00027427054010331625,0.010148435897592987
27,0.3746987070356096,0.0003113696626054921,0.009879448185009616
28,0.37533006497791827,0.00031395346741192043,0.010831233978803667
29,0.3765109692301068,0.0003315753835652556,0.01026282279885241
30,0.3761044783251626,0.00034665735854235076,0.010110525214778524
31,0.3775804553713117,0.0003479806889247681,0.01084178958886436
32,0.37766567298344206,0.0003610590522709701,0.010581752751022576
33,0.3784869696412767,0.00037343149805175405,0.010720329558742896
34,0.3786327413150242,0.00037261472815381633,0.011688731610774992
35,0.3793216560568128,0.00036373907434088845,0.012115317130727426
36,0.37835749983787537,0.0003482290610138859,0.012811279323484215
37,0.379036477633885,0.00036335478320584765,0.013494774433118957
38,0.3780536098139627,0.00038635544063124277,0.013461520762315817
39,0.3788380154541561,0.00036755066581203475,0.014220755148146833
40,0.3785974553653172,0.00039171336850683607,0.014830866429422582
41,0.3781117030552455,0.00036241059258048026,0.01533025676118476
42,0.37754130789211815,0.0003749331767072103,0.016138469401214803
43,0.3785800891263144,0.00037504194187931716,0.01733544216092144
44,0.3792570233345032,0.00035682267584239265,0.017740497099501745
45,0.37905334574835636,0.0003965204170006992,0.01961851359478065
46,0.37902513997895376,0.0004671071468952245,0.020721940057618276
47,0.37785149897847853,0.0004491842638734462,0.02202780943896089
48,0.37798065798623215,0.0004527439409035391,0.022173311827438216
49,0.3786218975271497,0.00043860253520376446,0.02157559192606381
50,0.3783231547900608,0.00044340037649297817,0.021238333146486963
51,0.3776237113135202,0.0004521139240491071,0.0210646672972611
52,0.3776835799217224,0.00035910935236773057,0.019587440682309016
53,0.37779294592993595,0.0002961721651705115,0.018379536590405872
54,0.378946874822889,0.00025368629992174514,0.017030293920210427
55,0.3791599869728088,0.0002564865499152802,0.016724796965718266
56,0.3789686858654022,0.0002956745125369967,0.017269047243254523
57,0.3787590903895241,0.0003064095186086238,0.016802200249263217
58,0.37857795613152634,0.0003278211817295024,0.016533668286034038
59,0.37871072122028887,0.00038253811778434155,0.016458442434668537
60,0.3782012292316981,0.0003886822981127937,0.016786412468978336
61,0.378283747604915,0.0004217758417196039,0.017256773742181913
62,0.37813746503421236,0.0004017638088303751,0.017291818878480365
63,0.3782914366040911,0.0003850948726592053,0.01704136734562261
64,0.3787888033049447,0.0004061693554311724,0.017001923705850328
65,0.37886929937771385,0.0004103404914660911,0.016307076572307514
66,0.379638590982982,0.00039839168104143543,0.015370842468525683
67,0.3802650954042162,0.00042775357100513896,0.014935385568865705
68,0.3816973396709986,0.000473401095535207,0.01323793815182788
69,0.38421082922390526,0.0005362453022306518,0.011455136085195198
70,0.3877579697540828,0.0006734268889496367,0.009693316516599484
71,0.3934468584401267,0.001513475128116884,0.008488823792764118
72,0.4019761681556701,0.0065261345090610635,0.009104307873972824
73,0.40959296907697407,0.013639552917863642,0.008495779242366552
74,0.41941575067383907,0.0209998431299547,0.006617812631053052
75,0.4290154789175306,0.028469324536022862,0.005218332059614893
76,0.4399910824639456,0.03548661642707884,0.004484713002706745
77,0.44893753102847506,0.04287885475371565,0.0032678122682097766
78,0.45792953031403666,0.04896598894681249,0.0018962411725494482
79,0.4653313500540597,0.050946906208992004,-0.0005851747950405947
80,0.47345675315175734,0.05094412980335099,-0.0016685647507464249
81,0.4808091904435839,0.050794757902622216,-0.0014594695530831816
82,0.485929216657366,0.0512236085321222,-0.0002890775711940868
83,0.4901880323886871,0.051932535001209805,0.0015596921023513588
84,0.4951100051403045,0.05225187486835888,0.0037739224332783905
85,0.4971903307097298,0.05276889726519585,0.006372403985421572
86,0.4999106739248548,0.053552265145948956,0.009218097730938877
87,0.5017347974436623,0.05410441756248474,0.011794448929971882
88,0.5019309307847704,0.05423767917922565,0.013805957910205637
89,0.5035378847803388,0.053831975907087326,0.015008263556020602
90,0.5036524789673942,0.053227770009211126,0.014757968751447541
91,0.5034153035708836,0.05280492401548794,0.01431884297302791
92,0.50409996509552,0.05234555953315325,0.013639514866684164
93,0.503327965736389,0.05121653899550437,0.012640950403043201
94,0.5028776952198574,0.05070476766143526,0.011646809987723827
95,0.5018984462533679,0.0499287194439343,0.01155537805919136
96,0.5017502095018114,0.04949946807963507,0.012401205620595386
97,0.5015729027135032,0.04952294752001762,0.014217869378626345
98,0.5020861157349177,0.04919058031269482,0.016054997885865823
99,0.5020661566938672,0.04934161688600268,0.01712087621646268
100,0.5016903025763375,0.049258357712200704,0.018101590419454236
101,0.5017712797437395,0.04920485668948718,0.01917215862444469
102,0.5032111619200026,0.04962332866021565,0.01918690265821559
103,0.5033603012561798,0.049393089754240845,0.01866862377417939
104,0.5036152899265289,0.04910183006099292,0.017876345531216687
105,0.5034568948405129,0.04864574489848954,0.016710083399500163
106,0.5036971867084503,0.04835386733923639,0.01632064314825194
107,0.5041987299919128,0.04839443575058664,0.016088656815035
108,0.5035910393510545,0.048331440027270994,0.015822298425648893
109,0.5028571358748843,0.04835045337677002,0.015785714079226763
110,0.5018216243812016,0.04876827022859029,0.015302196810288089
111,0.5010936430522372,0.048823518944638114,0.015023733090077127
112,0.5004933902195521,0.04913076013326644,0.014681808384401458
113,0.5001985686165945,0.04903721543295043,0.01427798452121871
114,0.4996787820543562,0.04936134868434497,0.013520700590951102
115,0.49951579315321787,0.0488401459796088,0.012962227022009236
116,0.49897654993193485,0.048792970499822064,0.01178240922412702
117,0.49868556431361605,0.04832081017749649,0.011434290292007581
118,0.4988175673144204,0.04812929034233093,0.010813682739223751
119,0.4987136253288814,0.0479258836380073,0.010293602278189998
120,0.4977033606597355,0.048150980579001565,0.009907566143998077
121,0.49696316037859234,0.04817782874618257,0.00947271759754845
122,0.4963877499103546,0.048598253833396096,0.008964512630232744
123,0.4968695597989219,0.04862990815724646,0.008565966106419052
124,0.4973445151533399,0.04839546712381499,0.007947511372289487
125,0.49785618696893963,0.048905054905584874,0.007235440026436534
126,0.497699852500643,0.04926365134971482,0.006474448035338095
127,0.49717061434473314,0.04889750746744019,0.006629709353936569
128,0.496830757175173,0.04868250180568014,0.006351017459694828
129,0.49611404112407137,0.04863115080765315,0.005563488529462899
130,0.49409179602350506,0.04810298287442752,0.005576683574223092
131,0.4908914906638009,0.0479065477848053,0.00493867344422532
132,0.48731009449277607,0.047780086419412074,0.0036042884291548815
133,0.48341744712420864,0.04806641595704214,0.0017679659816037326
134,0.48031265395028244,0.04859975299664905,0.0003874749610466616
135,0.47706902027130127,0.04847679553287369,4.6278050701533e-05
136,0.47599347148622784,0.048115263027804236,0.0001108167260619146
137,0.47323861292430325,0.04784707884703363,0.0003000016690098813
138,0.4713173721517835,0.04827997460961341,0.0005427352817995206
139,0.4683331208569662,0.04800978941576821,0.00124144389493657
140,0.46616880382810316,0.04689954966306686,0.002878630018260862
141,0.4633053030286516,0.046186951122113636,0.003009284979530743
142,0.46050878507750376,0.04609963297843933,0.003975777520931193
143,0.45640707867486136,0.046009239341531484,0.005314135641258742
144,0.45211668099675856,0.04644544103315898,0.0059601991004975775
145,0.44683020455496647,0.04594227618404797,0.007384238748012908
146,0.4411595591476985,0.04469198840005057,0.0089389881052609
147,0.43437690394265305,0.043540596429790766,0.010638174501114657
148,0.42721403496606003,0.04089348789836679,0.012846159216548712
149,0.4210916118962424,0.03453031207235264,0.013465048745274544
150,0.41266711694853647,0.028175493926807703,0.014936419603015696
151,0.4048994949885777,0.0216162431835463,0.01703047951949494
152,0.39921321613448013,0.015331393132718014,0.017930323524134498
153,0.3947227512087141,0.009719659079564737,0.01943153209452118
154,0.3918381971972329,0.004610730904719924,0.02081102904464517
155,0.3908549036298479,0.0008481255042300158,0.021193070071084157
156,0.38868300829614905,0.0007371556088660976,0.021764502195375304
157,0.3881642946175166,0.0007077035219741186,0.021223757682102065
158,0.3893681381429945,0.000683278007532603,0.02014922483691147
159,0.39066530551229206,0.0007118259132507124,0.01983507429914815
160,0.3918908536434173,0.0007620524847880006,0.01928314007818699
161,0.3929939355169023,0.0007681757810392549,0.018410575709172657
162,0.39365856988089426,0.0007628959054792565,0.018148019643766538
163,0.3943523040839604,0.0007654354641480105,0.01867090884063925
164,0.39511943714959274,0.0007957148066322718,0.01946109826011317
165,0.3952798077038356,0.0007964065631053277,0.020277032362563268
166,0.3954030445643833,0.0007559046498499811,0.020425504871777123
167,0.39508139235632755,0.0007595365501141974,0.021068288811615536
168,0.39518084696360994,0.0007699782893593822,0.0210856023643698
169,0.3939827765737261,0.0008021300891414285,0.021934291347861287
170,0.39375870142664227,0.0008306504210590253,0.021819274074264934
171,0.3939550518989563,0.0007939790458684522,0.021759779059461186
172,0.39450396384511677,0.0007723675558476577,0.022005460358091762
173,0.39405128785542076,0.0007884626476360219,0.022430821721042903
174,0.39410314389637535,0.0007745234428771905,0.022113392129540443
175,0.3938950768538883,0.0007978278528233723,0.022482550037758692
176,0.39424272945949,0.000788001310346382,0.02198630757629871
177,0.39363125818116323,0.0007685188902541995,0.021421868886266432
178,0.3929518035479954,0.0007781090514202203,0.021001224539109638
179,0.3924979610102517,0.0008159334871119686,0.020641331960047995
180,0.39239104304994854,0.0008518422421600137,0.020158120031867708
181,0.39224955439567566,0.0009187709240775022,0.018962993818734373
182,0.39188243235860554,0.0009696270488867802,0.019364952109754086
183,0.3923797990594591,0.0009711198841354676,0.019217445249004025
184,0.3922423124313354,0.0009626123106240162,0.01941721048206091
185,0.3917307427951267,0.0009463317027049405,0.01855015142687729
186,0.3903780026095254,0.0009302915090561977,0.01802304706403187
187,0.3884900254862649,0.000879355681328369,0.017265561701995984
188,0.38444823878152024,0.006504854977330459,0.017885845553662096
189,0.37835967540740967,0.014825197477226278,0.01673181581177882
190,0.3708725699356624,0.024557697287361534,0.015623573612953934
191,0.3647453359195164,0.03643145945222516,0.015227909332939556
192,0.35841311727251324,0.04893438042407589,0.015362916514277458
193,0.3535603668008531,0.0626502237033232,0.014996923772352082
194,0.34832625303949627,0.07683792444212097,0.015178747076008999
195,0.34548245583261755,0.0865622354405267,0.015813218296638554
196,0.34472131729125977,0.09506771181310927,0.016682968741016727
197,0.34190376315798077,0.10158557976995194,0.0181707235585366
198,0.3381716779300144,0.10739043354988098,0.019262785358088355
199,0.334851929119655,0.11267749326569693,0.020188541417675357
200,0.3304390098367418,0.11814218759536743,0.021018795802124908
201,0.32869438614164076,0.12344453058072498,0.022015751738633425
202,0.3263818536485944,0.1273582630923816,0.021394109885607446
203,0.3231745830604008,0.12942341715097427,0.020469276500599723
204,0.32360346828188213,0.13238342106342316,0.018983042266752036
205,0.3242548789296832,0.1334586888551712,0.017235900275409218
206,0.3235246922288622,0.13457718065806798,0.015696354609514986
207,0.3250974118709564,0.1325055275644575,0.014378850348293781
208,0.3247554217066083,0.13057460423026765,0.0140206530424101
209,0.32592482226235525,0.12945205931152615,0.015134206440831934
210,0.32853008593831745,0.1275906903403146,0.017887727623539313
211,0.33105911953108647,0.12439580261707305,0.02067023515701294
212,0.3336315538202013,0.12313144441161836,0.02456102307353701
213,0.3372507989406585,0.12243675014802385,0.02765308852706637
214,0.3393178752490452,0.12341487726994922,0.029847909031169753
215,0.3413128980568477,0.12440226333481923,0.030935468684349737
216,0.34216379267828806,0.12525572095598492,0.030951274292809618
217,0.3421732485294342,0.12647973958935055,0.0299246289900371
218,0.3421030598027365,0.12885841195072445,0.028652515528457503
219,0.34010493329593117,0.12984224728175572,0.02647151185997895
220,0.34024228368486675,0.1294853559562138,0.02485389581748417
221,0.33984678132193424,0.1290949061512947,0.023516209529978887
222,0.3402675815990993,0.12876307219266891,0.022523461441908563
223,0.34113855872835425,0.12731312321765081,0.021146444869892936
224,0.3415305742195674,0.12689675922904695,0.019556645037872446
225,0.342036132301603,0.12600048312119075,0.018817005146827014
226,0.344295574086053,0.12523355867181504,0.01806765422224998
227,0.3448876993996756,0.12484951317310332,0.018694536760449406
228,0.345795601606369,0.1251979097723961,0.020305195823311802
229,0.3460821083613804,0.12418029776641298,0.02206762214856488
230,0.34546869993209833,0.12367700678961616,0.024320422006504874
231,0.3458128018038613,0.12313336772578101,0.026180837569492202
232,0.3454086610249111,0.1228264421224594,0.027469264077288762
233,0.34583219460078646,0.12219374201127459,0.028406762118850435
234,0.3462586913790021,0.1219682352883475,0.028212081907050948
235,0.345883343900953,0.12092530620949608,0.027642924338579174
236,0.34596126845904757,0.12102923435824257,0.027165399066039493
237,0.34672590664454866,0.12047675571271349,0.02676803325968129
238,0.3472262706075395,0.12015225738286969,0.026525703657950674
239,0.34740330917494633,0.12024454027414319,0.026405893532293185
240,0.34673166700771874,0.12003537799630844,0.026593932349767004
241,0.34611722401210243,0.11936081733022416,0.026438672627721514
242,0.34602266975811546,0.11932330897876194,0.025715692500982965
243,0.3466291597911289,0.1186267818723406,0.024194640772683275
244,0.3466825868402208,0.11912430822849272,0.023125779948064258
245,0.34663843257086613,0.11876856961420604,0.02308553217777184
246,0.3474464459078652,0.11822367459535599,0.02341450990310737
247,0.34910681418010164,0.11820872447320394,0.023853881018502367
248,0.34966032845633366,0.11803045762436731,0.025858494852270396
249,0.350623824766704,0.11785819700786046,0.02746885881892272
250,0.35043589983667645,0.1181032561830112,0.02815053505556924
251,0.3509021231106349,0.1181165650486946,0.028334860024707656
252,0.35090281707899906,0.11799418287617817,0.027866596888218607
253,0.3506343066692352,0.11818820450987133,0.028255573340824677
254,0.34882265329360956,0.11813801420586448,0.028501919603773525
255,0.34883780138833176,0.11858305867229187,0.02714571064071996
256,0.3480824700423649,0.11873172542878557,0.025849328775491034
257,0.34789858971323284,0.11903876066207884,0.026379632630518506
258,0.3473964078085763,0.11870722046920232,0.02708100767007896
259,0.3476205553327288,0.1189826162798064,0.026979409690414156
260,0.34780774797712055,0.119071755026068,0.026260405246700556
261,0.3490006497928074,0.11936793902090617,0.025382436013647487
262,0.34918461952890667,0.11932953553540365,0.024823665086712153
263,0.35022870983396254,0.11880866757461002,0.02528115814285619
264,0.3500009391989026,0.11689977986471992,0.025028130039572716
265,0.35056596994400024,0.11572264986378805,0.02433627923684461
266,0.35040663395609173,0.11374428868293762,0.02411331848374435
267,0.3503348657063075,0.11173417099884578,0.023600239306688305
268,0.35022093142781935,0.10927857032843998,0.023142946884036064
269,0.3504842434610639,0.10708084063870565,0.022312917613557408
270,0.34996894427708214,0.10470791267497198,0.021263998800090382
271,0.35073737161500107,0.10199005156755446,0.02029412905020373
272,0.350435767854963,0.09801855789763586,0.019573323162538663
273,0.3503057658672333,0.0930672117641994,0.018987308389374187
274,0.3509509989193508,0.08550942423088208,0.018888117745518684
275,0.35200382130486624,0.07653056191546576,0.019013070102248873
276,0.3545510981764112,0.06675468598093305,0.019768577335136275
277,0.35778881396566115,0.0571789661688464,0.020395379779594283
278,0.3614508892808642,0.04847950302064418,0.021225678867527416
279,0.36595318572861807,0.037573090820972405,0.021420935168862343
280,0.36973537717546734,0.02795273092176233,0.021977583744696206
281,0.37270889111927574,0.020425143144426068,0.02126428431698254
282,0.37589697752680096,0.014701424424336957,0.020996184487427984
283,0.3763975756508963,0.00989758303954399,0.02069999889603683
284,0.3771696729319436,0.005377410353893148,0.02054740541747638
285,0.3768203939710344,0.0015304941833684485,0.020381337563906393
286,0.37688571640423363,0.0007560990000326585,0.02061904461256095
287,0.37737197961126057,0.0004859492879144714,0.02074085734784603
288,0.3771559000015259,0.00047224066448896853,0.021711072751453946
289,0.37672377484185354,0.00045441971139682986,0.022025554573961662
290,0.3774481671197073,0.0004198197472890439,0.021943374936069758
291,0.37768651332174025,0.0004005267931331348,0.020836416365844858
292,0.37817701271602083,0.00035660502180689946,0.019616597332060334
293,0.3777315786906651,0.00039439868747389743,0.019316949349428923
294,0.37846913082259037,0.0003448216552247426,0.018303998879023956
295,0.3789876188550676,0.00039198872400447726,0.016945908777415752
296,0.3796478807926178,0.0004148834019101091,0.015675067901611328
297,0.3805411330291203,0.00036694155798094077,0.015137107244559694
298,0.38123905232974464,0.00034979582622846853,0.015406733378767965
299,0.38201258863721566,0.00041702200750088584,0.015710900271577493
300,0.382319620677403,0.0004288727005976917,0.015213760015155587
301,0.38340761831828524,0.0004230623536776485,0.015496272593736649
302,0.38472890428134376,0.0004105121375427448,0.015924677651907714
303,0.3858788056032998,0.0003555247593404991,0.016012531971292834
304,0.38688746520451134,0.00039439867292198215,0.01575746640030827
305,0.3881543959890093,0.0004659848325120817,0.015208451343434197
306,0.38876614400318693,0.00046162951912265266,0.0150160032457539
307,0.38992785981723244,0.00046554106977834763,0.014459610783628053
308,0.39027687907218933,0.0005009501078997605,0.014348046321954045
309,0.39045029878616333,0.0004912249423796311,0.013918885695082801
310,0.3907770769936698,0.0005723859316536358,0.014039252485547746
311,0.3905212794031415,0.0005370865858692142,0.013585207983851433
312,0.3896934858390263,0.0005047436903363892,0.013786216266453266
313,0.38956687705857407,0.0004786367187209959,0.013416663477463378
314,0.38966236369950424,0.0005149177865990037,0.013863839475171905
315,0.38959261349269314,0.0005478707649412432,0.01380477552967412
316,0.390217410666602,0.0005759528430644422,0.014072368453655924
317,0.39075425692967003,0.0006010807992424816,0.015323219953903129
318,0.39122105922017775,0.0006756357574236713,0.018570393989128724
319,0.3915722114699227,0.0007695436070207506,0.023483554034360817
320,0.3924390716212136,0.000770805507532454,0.033221463539770665
321,0.3935844727924892,0.0007944024525516267,0.04637500377637999
322,0.3942882674080985,0.0008163854654412717,0.06476973130234649
323,0.39432776825768606,0.0008677677292975464,0.08929140040917055
324,0.3926797892366136,0.0009342150089131401,0.1198134443589619
325,0.38941207528114313,0.0010803871929445969,0.156304198716368
326,0.3856627132211412,0.0011315013855762248,0.20142071481261936
327,0.3799624528203691,0.0012992751269069102,0.25
328,0.37409605298723486,0.0014187563460187189,0.25
329,0.3674096422536033,0.0015727299282194246,0.25
330,0.36121081028665813,0.0016240783567939483,0.25
331,0.35167993392263136,0.0016728120224018181,0.25
332,0.3382723374026162,0.0017086701866771492,0.25
333,0.329064096723284,0.002034693008421787,0.25
334,0.32248133846691673,0.0024601596773469025,0.25
335,0.31900918909481596,0.002522239528064217,0.25
336,0.32084008199828007,0.0025320752922977714,0.25
337,0.3201784789562225,0.0026764173858932084,0.25
338,0.32687773023332867,0.0028151962573507,0.25
339,0.34715001923697336,0.0029325405069227724,0.25
340,0.3653828373977116,0.0031076680669294933,0.25
341,0.3937204735619681,0.002776408501501594,0.25
342,0.41128580485071453,0.002854917464511735,0.25
343,0.4235659028802599,0.0028549494288329564,0.25
344,0.43342718482017517,0.0032788610884121484,0.25
345,0.44538186277662,0.0033444380055048634,0.25
346,0.4543130312647138,0.0037210172574434963,0.25
347,0.4664345553943089,0.0034554219538612025,0.25
348,0.46415308117866516,0.0037341186710234202,0.25
349,0.474313131400517,0.004542450553604535,0.25
350,0.47172523822103224,0.004745492844709329,0.25
351,0.48185106686183377,0.004518997389823198,0.25
352,0.48119056224823,0.005027403456291981,0.25
353,0.48656580277851647,0.00446158369803535,0.25
354,0.4823877130235944,0.004993809403718582,0.25
355,0.4810546934604645,0.00542304027892117,0.25
356,0.4714799353054592,0.00491794992038714,0.25
357,0.47789297359330307,0.0054607770039833015,0.25
358,0.48365520153726843,0.005450964655860194,0.25
359,0.48581242135592867,0.005968272037404988,0.25
360,0.47260169897760657,0.0072394721875233305,0.25
361,0.465337621314185,0.008076879062822886,0.25
362,0.4603963877473558,0.008543655010206357,0.25
363,0.4620118694646017,0.008850086280809981,0.25
364,0.4550873807498386,0.008914557950837272,0.25
365,0.43972520317350106,0.009781495934086188,0.25
366,0.4440400430134364,0.009152909740805626,0.25
367,0.45593469483511784,0.008253686130046844,0.25
368,0.46275036249841955,0.007820639094071729,0.25
369,0.4607162773609161,0.006528546218760312,0.25
370,0.4627393015793391,0.006076764731135751,0.25
371,0.4810399668557303,0.005800777663742857,0.25
372,0.48922926187515253,0.005099181634640054,0.25
373,0.4795227944850921,0.004488846636377275,0.25
374,0.47706884571484154,0.004585274445292141,0.25
375,0.47781252861022944,0.00350810559133866,0.25
376,0.4813161151749747,0.003929200316114085,0.25
377,0.4679903984069824,0.003812205379030534,0.25
378,0.43876994933400837,0.003480751333492143,0.25
379,0.4125407040119171,0.003084456015910421,0.25
380,0.39749177438872196,0.0032136489836765187,0.25
381,0.37212467193603516,0.002956880156749061,0.25
382,0.352521926164627,0.0029827687623245375,0.25
383,0.3389371803828648,0.0025430988420599276,0.25
384,0.3344377875328064,0.0023722038936934303,0.25
385,0.3392282852104732,0.0021169360261410475,0.25
386,0.35380525674138746,0.0020360658610505717,0.25
387,0.3651181203978402,0.0018504140732277714,0.25
388,0.37632777861186434,0.0015132644995381791,0.25
389,0.3830556401184627,0.0012218457372260413,0.20717971718737055
390,0.3876245192119053,0.0010874225367193241,0.12177110516599246
391,0.3922107091971806,0.000934311592053356,0.045459889407668784
392,0.393670950617109,0.000746381635378514,-0.027810989213841297
393,0.39239492160933354,0.0006772279323610876,-0.09684615954756737
394,0.3908227596964155,0.0005485289189631918,-0.16292044041412215
395,0.387023389339447,0.0006395292875822634,-0.22719667372959
396,0.38119904909815105,0.000692322858542736,-0.25
397,0.3740948523793901,0.001046385898786996,-0.25
398,0.3650983231408255,0.0014252546742292386,-0.25
399,0.3567203198160444,0.001636302568450836,-0.25
400,0.3496116101741791,0.0019705054208835854,-0.25
401,0.34172113452638897,0.0024538300016761893,-0.25
402,0.333575644663402,0.0025506613227272673,-0.25
403,0.3277510745184761,0.002603275302265372,-0.25
404,0.3226119024412972,0.003006483893841505,-0.25
405,0.3219028498445238,0.003272195712530187,-0.25
406,0.32183789355414255,0.0031277450283856262,-0.25
407,0.3209726427282606,0.0030191978522842483,-0.25
408,0.32236469217709135,0.0025869006224508795,-0.25
409,0.32734421747071396,0.002381259126455656,-0.25
410,0.3328113853931427,0.0025229346938431263,-0.25
411,0.3403098029749734,0.001992532251668828,-0.25
412,0.34844548787389484,0.0014821757628981555,-0.25
413,0.3505486079624721,0.0016914518699715179,-0.25
414,0.35495588183403015,0.0019161545621630336,-0.25
415,0.3602300499166761,0.0021059313356610277,-0.25
416,0.3658649708543505,0.0023277942756456988,-0.25
417,0.36665570310183937,0.002389289538509079,-0.25
418,0.3680090819086346,0.0025098141881504227,-0.25
419,0.3686413211481911,0.002597372014341609,-0.25
420,0.37394140022141586,0.002703944187877434,-0.25
421,0.3751687620367323,0.002340102285545851,-0.25
422,0.37599197030067444,0.0025576187929670724,-0.25
423,0.3744496064526694,0.0024645500982712417,-0.25
424,0.37591940164566034,0.0025808211316221525,-0.25
425,0.3781568791185106,0.0025930670921557714,-0.25
426,0.37602643881525305,0.002518255163782409,-0.25
427,0.37271659714835026,0.0027093228085764815,-0.25
428,0.37442921314920696,0.002821842025566314,-0.25
429,0.3721414847033364,0.002561796273637031,-0.25
430,0.37160471507481163,0.0025291542489347717,-0.25
431,0.37083960005215233,0.0022114375606179237,-0.25
432,0.3667953014373779,0.0022518632467836137,-0.25
433,0.36780099357877455,0.0022727801032098273,-0.25
434,0.3678419291973114,0.0018040802762178437,-0.25
435,0.36572518944740295,0.0018414626663018547,-0.25
436,0.36706023131098064,0.002114600984246603,-0.25
437,0.36711998922484257,0.00209217200920518,-0.25
438,0.3681067058018275,0.0020827924100948235,-0.25
439,0.37126167331423077,0.0020267340753759655,-0.25
440,0.3702972829341888,0.0020170469069853425,-0.25
441,0.37006353054727825,0.002235318417660892,-0.25
442,0.36968251211302616,0.0021205248111592872,-0.25
443,0.3684008760111672,0.0020898650400340557,-0.25
444,0.3678053787776402,0.002403930062428117,-0.25
445,0.3655381500720978,0.002692426588120205,-0.25
446,0.3617965919630868,0.002557904675735959,-0.25
447,0.3575060026986258,0.002467341970519296,-0.25
448,0.35600094284330097,0.002206174365710467,-0.25
449,0.3542546374457223,0.002091682557615318,-0.25
450,0.3515215218067168,0.0018650915423807288,-0.25
451,0.3460247005735125,0.0015512487734667957,-0.25
452,0.3421227037906647,0.0013188084703870115,-0.25
453,0.336602155651365,0.0011760643101297317,-0.25
454,0.33346111008099144,0.0011124356782862116,-0.25
455,0.32978793978691096,0.0010811472228462143,-0.25
456,0.32675302454403465,0.0010017326359437512,-0.25
457,0.3255498664719717,0.0008382329210040291,-0.25
458,0.3281569864068712,0.0007688682069004113,-0.25
459,0.33431170242173325,0.000695143680786714,-0.25
460,0.34385421872138977,0.0007671507815497794,-0.25
461,0.3515973559447697,0.0008235855452117642,-0.25
462,0.35969701835087364,0.0008466031410664851,-0.25
463,0.36796462961605614,0.0008939284099532025,-0.25
464,0.37495526671409607,0.0008661261984213654,-0.25
465,0.38197771992002216,0.0008386126054184777,-0.25
466,0.38454967737197876,0.0008542481809854506,-0.20701838391167773
467,0.3848417486463274,0.000755958949282233,-0.1667669702853475
468,0.3871674622808184,0.0006985731389639632,-0.13462854975036212
469,0.3872798766408648,0.0006868575167443071,-0.10697053798607417
470,0.38662279929433546,0.0007149136591968792,-0.08258606639823743
471,0.38660647187914166,0.0007666645230658885,-0.061304740507953925
472,0.3850172119481223,0.0008417201128655247,-0.041089520822944384
473,0.3861142482076372,0.0008371534058824182,-0.023097545873107653
474,0.3872560177530561,0.0008612428209744394,-0.00749405942458127
475,0.3873791950089591,0.0008728988801262207,0.004353749266426479
476,0.3874153878007616,0.0008473271653721374,0.012793578041185225
477,0.3892187092985425,0.0007910271773913076,0.018450536598850573
478,0.3900925729955945,0.0007911782345867581,0.022974892652460506
479,0.39130122746740065,0.0007716070478116828,0.025433725278292386
480,0.39053904158728464,0.0007632843667774327,0.02691781148314476
481,0.3903162692274366,0.0007659907901792654,0.028374799926366122
482,0.3889567937169756,0.0007913142991518336,0.028810221169676103
483,0.389911881514958,0.0008537145248348159,0.028795503345983367
484,0.38935902288981844,0.0008805285074881145,0.028434290151510916
485,0.3890297370297568,0.0008942727664751665,0.02718805707991123
486,0.388397753238678,0.0008822726917320063,0.026581194251775738
487,0.38858686174665175,0.0008667745278216898,0.026613197688545497
488,0.3883038418633597,0.0008364376429069254,0.026515737175941467
489,0.3895587708268846,0.0008107434592342802,0.02699542524559157
490,0.3889099104063851,0.0007780950483200805,0.027172859225954325
491,0.38802566698619295,0.0007586614478246442,0.026601786326084814
492,0.3868776432105473,0.0007227475705024387,0.026285789906978607
493,0.3869183148656572,0.0007327827042900024,0.02554633601435593
494,0.38634602086884634,0.0007133073938478316,0.024445490379418646
495,0.3861197914396013,0.0007353604804458362,0.02325700409710407
496,0.3853014281817845,0.0007293237389863602,0.022233540192246434
497,0.3850901552609035,0.0007299244503623674,0.02158891941819872
498,0.38561322007860455,0.0007508693628811409,0.021188824836696894
499,0.38619036759649,0.0007825829171841697,0.01897159551403352
500,0.38593459129333496,0.000770330853161535,0.016805638226547414
501,0.38504244600023546,0.000728245807944664,0.015318985562771557
502,0.38493046164512634,0.0007274344097822904,0.013890859471367936
503,0.384470841714314,0.0007209721037984958,0.012061823359025375
504,0.3844603768416813,0.0007485589345118829,0.010643117994602236
505,0.3838021457195282,0.0007572776604709881,0.00893431030479925
506,0.3833598835127694,0.0007131648100247341,0.009239113423973322
507,0.3828730200018201,0.0006561741507279554,0.00977702225957598
508,0.3832560692514692,0.0007218365416130317,0.008823026803189091
509,0.3831094247954232,0.0007209575144640569,0.008968812978959509
510,0.3836247878415244,0.0007467581682638931,0.009833942466814603
511,0.3837682093892778,0.0007156802249872791,0.009270780819601247
512,0.3830733469554356,0.0006500947264222695,0.009451832056843808
513,0.3823871101651872,0.0006318279650128847,0.009511423663103154
514,0.38221524868692663,0.0006401896451799465,0.008753069310582109
515,0.3827459812164306,0.0005387904633867688,0.010496038145252636
516,0.3828985052449362,0.000505417150894313,0.010116390883922575
517,0.3825743879590715,0.00042513218483821087,0.010063799497272286
518,0.38223506723131456,0.0003740198257479018,0.010799057049942868
519,0.38338620747838703,0.0004116325102846271,0.011406965753329652
520,0.3845721398081098,0.00047291649596965205,0.01172455313748547
521,0.3301129383700234,0.00042465597133351754,0.010866192435579639
522,0.2750397707734789,0.0003986096791257815,0.008715723641216755
523,0.2199928845678057,0.0003184990491718054,0.007532931997307709
